timestamp_ms,vehicle_speed_kmh,engine_rpm,ebs_brake_pressure_bar,wheel_slip_pct,coolant_temp_c,turbo_boost_kpa,exhaust_brake_active
0,0.15,721.0,0.266,0.418,71.79,102.9,0
10,0.49,718.1,0.293,0.237,72.4,105.5,0
20,1.25,709.4,0.26,0.305,71.93,104.8,0
30,2.04,703.1,0.285,0.305,72.2,108.1,0
40,2.04,727.6,0.205,0.25,72.37,107.2,0
50,2.57,727.3,0.311,0.163,72.15,109.0,0
60,3.64,739.1,0.3,0.332,72.49,110.3,0
70,3.92,739.4,0.259,0.294,72.13,110.1,0
80,4.08,749.9,0.333,0.35,72.72,109.8,0
90,4.91,730.4,0.347,0.247,72.48,107.8,0
100,5.14,762.5,0.22,0.422,72.42,110.3,0
110,5.66,749.9,0.262,0.212,72.53,109.7,0
120,6.4,782.4,0.262,0.471,72.8,110.6,0
130,6.29,745.2,0.253,0.125,72.58,111.1,0
140,6.87,785.8,0.341,0.343,72.6,110.4,0
150,7.75,767.0,0.29,0.348,72.76,109.0,0
160,8.14,758.6,0.287,0.22,72.62,112.1,0
170,9.06,765.4,0.2,0.342,73.27,114.4,0
180,9.23,772.1,0.332,0.428,72.85,111.8,0
190,9.6,787.5,0.238,0.078,73.18,115.1,0
200,10.99,793.3,0.303,0.35,73.11,119.4,0
210,11.01,781.1,0.314,0.051,72.93,118.1,0
220,11.63,793.6,0.368,0.203,73.18,119.9,0
230,11.71,830.4,0.235,0.463,73.39,117.9,0
240,12.5,828.4,0.149,0.242,73.25,120.0,0
250,13.22,813.3,0.309,0.183,73.58,116.7,0
260,13.37,811.6,0.39,0.28,73.6,117.4,0
270,14.36,817.1,0.362,0.507,73.63,113.8,0
280,14.59,828.8,0.31,0.117,73.41,122.1,0
290,15.21,808.5,0.275,0.195,73.34,123.4,0
300,15.65,824.3,0.34,0.45,73.48,119.7,0
310,16.91,807.4,0.251,0.486,73.7,120.8,0
320,16.88,842.7,0.324,0.29,73.82,120.4,0
330,17.09,850.7,0.325,0.176,73.33,123.2,0
340,18.19,838.0,0.353,0.51,73.82,125.2,0
350,18.1,873.1,0.438,0.459,73.9,120.0,0
360,19.06,835.4,0.32,0.368,73.87,124.8,0
370,18.93,836.1,0.275,0.219,74.24,124.0,0
380,19.65,865.7,0.299,0.295,74.12,125.3,0
390,20.64,882.3,0.212,0.284,74.35,126.5,0
400,21.33,896.1,0.265,0.333,74.1,125.7,0
410,21.68,868.2,0.28,0.445,74.38,126.4,0
420,22.13,895.6,0.274,0.388,74.57,126.7,0
430,22.6,883.1,0.308,0.192,74.56,129.6,0
440,22.77,885.4,0.259,0.438,74.14,129.1,0
450,23.53,905.5,0.356,0.331,74.36,129.2,0
460,24.13,906.3,0.3,0.369,74.39,126.7,0
470,25.12,877.1,0.3,0.447,74.61,129.0,0
480,25.43,927.2,0.284,0.189,74.71,132.1,0
490,25.33,930.0,0.308,0.296,74.45,130.9,0
500,26.48,904.2,0.341,0.247,74.69,132.7,0
510,26.79,923.8,0.257,0.143,74.33,135.4,0
520,27.23,929.5,0.267,0.335,75.07,134.5,0
530,28.15,930.3,0.285,0.551,74.73,133.2,0
540,28.8,922.4,0.233,0.116,74.9,132.5,0
550,29.3,924.9,0.259,0.297,74.88,128.9,0
560,29.3,938.8,0.276,0.364,75.23,134.2,0
570,29.98,961.1,0.344,0.312,74.48,134.4,0
580,30.7,955.9,0.313,0.289,75.1,136.4,0
590,31.42,946.5,0.31,0.17,75.14,135.8,0
600,31.51,967.9,0.343,0.323,75.12,136.0,0
610,32.13,917.8,0.293,0.224,75.61,133.6,0
620,32.38,982.1,0.32,0.081,75.14,135.8,0
630,32.88,943.0,0.295,0.419,75.53,139.2,0
640,34.01,967.9,0.313,0.396,75.5,142.2,0
650,34.7,960.8,0.271,0.305,75.73,139.1,0
660,34.8,962.5,0.178,0.323,75.4,140.5,0
670,35.65,1003.6,0.293,0.407,75.44,142.3,0
680,35.99,983.4,0.371,0.322,75.86,139.3,0
690,36.21,999.9,0.346,0.39,75.78,142.1,0
700,37.04,998.3,0.348,0.27,75.44,140.5,0
710,37.92,1010.4,0.362,0.431,75.69,144.2,0
720,37.98,1008.7,0.304,0.332,75.93,143.3,0
730,38.99,992.6,0.31,0.319,76.07,144.1,0
740,38.26,1031.0,0.269,0.173,75.82,142.5,0
750,39.82,1012.9,0.284,0.329,75.43,146.0,0
760,40.13,1001.3,0.331,0.217,76.17,149.3,0
770,40.54,1022.5,0.36,0.236,75.88,143.6,0
780,41.18,1055.7,0.293,0.218,75.77,145.5,0
790,41.09,1050.2,0.277,0.193,75.66,147.1,0
800,42.15,1036.5,0.3,0.512,76.44,148.8,0
810,42.85,1040.7,0.33,0.433,76.36,146.6,0
820,43.71,1045.4,0.228,0.492,76.34,142.6,0
830,43.64,1085.7,0.185,0.178,76.72,151.5,0
840,44.08,1064.5,0.272,0.307,76.62,150.8,0
850,44.7,1069.5,0.239,0.171,76.87,146.4,0
860,45.65,1082.8,0.275,0.23,76.32,149.2,0
870,46.0,1075.2,0.293,0.208,76.65,154.0,0
880,46.27,1072.0,0.277,0.424,76.39,154.3,0
890,47.11,1077.2,0.373,0.26,76.72,153.8,0
900,47.52,1083.3,0.316,0.407,76.77,152.1,0
910,48.31,1088.1,0.315,0.36,76.99,153.2,0
920,48.33,1103.9,0.331,0.53,76.93,153.3,0
930,48.97,1098.0,0.243,0.152,77.1,156.3,0
940,49.48,1112.5,0.352,0.426,77.17,152.8,0
950,49.69,1104.6,0.296,0.415,77.51,153.5,0
960,50.74,1111.2,0.334,0.203,77.07,157.7,0
970,51.26,1084.3,0.246,0.401,77.0,156.1,0
980,51.71,1132.3,0.222,0.334,77.29,159.5,0
990,52.17,1128.1,0.341,0.277,77.14,155.9,0
1000,52.34,1142.1,0.319,0.218,77.65,157.7,0
1010,53.17,1088.0,0.255,0.228,77.35,156.4,0
1020,53.72,1167.0,0.257,0.505,77.35,158.8,0
1030,54.11,1137.9,0.356,0.3,77.42,156.4,0
1040,54.83,1160.8,0.241,0.378,77.71,158.9,0
1050,55.52,1132.9,0.382,0.221,77.59,157.5,0
1060,56.5,1162.0,0.255,0.222,77.54,162.3,0
1070,56.51,1141.2,0.332,0.408,78.06,162.9,0
1080,57.06,1151.9,0.284,0.165,77.61,158.5,0
1090,57.49,1194.3,0.33,0.258,77.84,165.2,0
1100,57.46,1167.0,0.273,0.303,78.02,168.0,0
1110,58.56,1177.4,0.292,0.311,77.61,163.7,0
1120,59.11,1191.4,0.302,0.282,78.09,162.8,0
1130,60.36,1190.1,0.25,0.34,77.84,170.3,0
1140,60.09,1189.2,0.337,0.369,78.26,162.5,0
1150,60.77,1196.7,0.274,0.373,77.96,165.7,0
1160,61.2,1231.5,0.289,0.201,78.35,166.6,0
1170,61.38,1198.9,0.25,0.272,78.48,169.4,0
1180,62.6,1207.0,0.172,0.419,78.49,168.0,0
1190,63.01,1224.1,0.29,0.389,78.42,166.8,0
1200,63.55,1229.1,0.421,0.163,78.38,166.4,0
1210,63.57,1234.6,0.339,0.335,78.36,168.2,0
1220,64.79,1230.7,0.299,0.102,78.82,167.4,0
1230,64.48,1208.2,0.287,0.305,78.44,170.0,0
1240,65.6,1254.1,0.301,0.49,78.43,169.3,0
1250,66.61,1216.7,0.327,0.205,78.82,168.0,0
1260,66.19,1242.7,0.241,0.217,78.58,174.0,0
1270,66.84,1231.1,0.356,0.376,78.61,171.0,0
1280,67.57,1245.8,0.336,0.146,78.56,170.0,0
1290,67.91,1255.9,0.336,0.237,78.81,172.7,0
1300,68.13,1260.1,0.322,0.36,78.94,173.7,0
1310,69.14,1265.9,0.301,0.237,79.06,170.6,0
1320,69.33,1288.0,0.334,0.276,79.25,175.3,0
1330,70.32,1274.9,0.33,0.374,79.22,173.1,0
1340,70.43,1268.7,0.282,0.342,79.13,179.1,0
1350,71.7,1291.1,0.271,0.327,79.18,177.3,0
1360,71.52,1298.7,0.305,0.266,79.38,176.0,0
1370,72.19,1266.8,0.377,0.337,79.59,175.8,0
1380,73.06,1298.4,0.238,0.288,79.41,177.6,0
1390,72.97,1304.2,0.227,0.346,79.34,179.6,0
1400,73.94,1293.5,0.308,0.25,79.29,178.8,0
1410,74.79,1322.9,0.303,0.282,79.26,179.0,0
1420,74.44,1304.3,0.309,0.201,79.73,180.0,0
1430,75.51,1312.7,0.312,0.296,79.77,179.2,0
1440,76.06,1312.5,0.289,0.219,79.82,180.3,0
1450,76.74,1319.6,0.374,0.189,79.73,177.3,0
1460,76.66,1307.2,0.22,0.326,80.09,184.0,0
1470,77.17,1306.3,0.259,0.321,79.77,183.2,0
1480,78.25,1356.1,0.295,0.378,80.11,181.5,0
1490,78.71,1323.7,0.218,0.257,79.97,187.4,0
1500,79.22,1325.8,0.291,0.341,79.91,184.3,0
1510,79.78,1312.7,0.383,0.355,80.2,182.6,0
1520,80.0,1339.7,0.301,0.344,80.22,186.9,0
1530,80.8,1333.7,0.312,0.217,80.26,186.5,0
1540,81.34,1382.4,0.237,0.315,80.26,187.0,0
1550,81.57,1377.2,0.269,0.336,80.29,185.9,0
1560,82.87,1356.0,0.281,0.301,80.83,188.2,0
1570,82.98,1404.4,0.284,0.091,80.64,187.3,0
1580,83.01,1389.6,0.364,0.316,80.6,189.5,0
1590,84.09,1374.3,0.328,0.521,80.53,185.1,0
1600,84.13,1345.9,0.244,0.264,80.76,188.6,0
1610,85.19,1422.1,0.312,0.227,80.72,193.4,0
1620,85.82,1371.1,0.325,0.337,80.67,188.9,0
1630,85.76,1371.6,0.357,0.331,80.66,189.8,0
1640,86.82,1415.8,0.379,0.419,80.76,190.6,0
1650,87.18,1441.4,0.249,0.174,80.2,189.6,0
1660,87.83,1429.8,0.259,0.373,80.93,188.2,0
1670,88.68,1421.8,0.237,0.359,80.84,192.7,0
1680,88.57,1426.5,0.288,0.286,81.31,193.9,0
1690,88.94,1434.7,0.323,0.334,81.05,194.1,0
1700,89.43,1437.5,0.349,0.403,80.86,194.4,0
1710,89.98,1434.6,0.296,0.387,81.14,195.3,0
1720,90.73,1436.2,0.284,0.186,80.99,197.8,0
1730,91.38,1438.0,0.308,0.382,81.35,195.9,0
1740,91.89,1431.9,0.258,0.294,81.37,195.7,0
1750,92.58,1443.3,0.404,0.307,81.56,196.8,0
1760,92.87,1426.4,0.22,0.307,81.26,199.0,0
1770,93.83,1454.6,0.309,0.285,81.48,201.2,0
1780,93.84,1445.5,0.401,0.419,81.25,197.7,0
1790,95.26,1448.0,0.3,0.292,81.72,199.6,0
1800,95.16,1471.5,0.29,0.188,81.74,200.7,0
1810,95.25,1494.0,0.282,0.261,81.78,198.5,0
1820,95.71,1491.2,0.291,0.318,81.74,201.1,0
1830,96.7,1458.1,0.369,0.423,81.88,198.6,0
1840,97.02,1471.1,0.189,0.36,82.17,198.5,0
1850,97.83,1504.3,0.377,0.215,81.84,203.3,0
1860,98.28,1479.7,0.229,0.549,81.98,202.4,0
1870,98.65,1495.4,0.287,0.326,81.79,204.1,0
1880,98.94,1511.3,0.279,0.428,81.89,204.2,0
1890,99.27,1492.8,0.329,0.285,82.13,202.8,0
1900,100.12,1513.1,0.22,0.353,82.39,205.2,0
1910,101.04,1495.8,0.323,0.384,82.17,203.3,0
1920,101.37,1511.1,0.401,0.422,82.23,209.1,0
1930,101.46,1529.2,0.232,0.406,82.25,204.1,0
1940,102.41,1504.7,0.309,0.387,82.27,207.0,0
1950,103.01,1539.5,0.267,0.268,82.49,205.8,0
1960,103.15,1536.9,0.321,0.243,82.19,209.6,0
1970,103.99,1549.7,0.301,0.333,82.8,208.3,0
1980,104.49,1549.1,0.268,0.393,82.46,208.4,0
1990,104.66,1570.5,0.324,0.278,82.79,211.7,0
2000,105.18,1502.5,0.39,0.407,82.45,205.1,0
2010,105.28,1491.4,0.29,0.445,82.89,206.5,0
2020,105.54,1502.4,0.336,0.208,82.94,202.1,0
2030,105.53,1510.9,0.235,0.216,82.94,200.8,0
2040,104.31,1501.0,0.252,0.286,82.72,205.3,0
2050,104.53,1500.8,0.324,0.331,83.02,204.0,0
2060,105.26,1486.0,0.374,0.248,82.79,206.9,0
2070,105.26,1486.7,0.318,0.435,83.03,204.8,0
2080,105.26,1471.9,0.284,0.342,83.34,205.6,0
2090,106.93,1535.0,0.3,0.304,83.34,200.1,0
2100,105.29,1475.1,0.237,0.156,83.24,210.7,0
2110,105.57,1486.1,0.33,0.168,83.1,204.5,0
2120,105.48,1485.6,0.344,0.328,83.47,207.1,0
2130,105.33,1517.9,0.277,0.087,83.4,202.5,0
2140,104.84,1494.1,0.276,0.401,82.99,205.9,0
2150,105.38,1525.0,0.313,0.284,83.66,201.1,0
2160,104.61,1486.5,0.278,0.624,83.55,206.4,0
2170,104.88,1505.6,0.297,0.531,83.85,203.9,0
2180,104.76,1483.3,0.405,0.282,83.45,205.1,0
2190,105.04,1542.9,0.288,0.289,83.08,207.1,0
2200,106.16,1476.2,0.282,0.4,83.83,201.3,0
2210,104.07,1506.2,0.268,0.47,83.88,202.9,0
2220,105.34,1512.7,0.337,0.136,83.54,206.4,0
2230,104.19,1508.3,0.291,0.121,83.74,211.3,0
2240,104.76,1496.3,0.268,0.238,84.54,204.6,0
2250,105.54,1497.4,0.366,0.358,83.98,206.8,0
2260,105.03,1500.9,0.371,0.35,84.24,204.7,0
2270,104.46,1497.1,0.27,0.407,84.02,210.8,0
2280,104.64,1519.3,0.207,0.18,83.78,199.8,0
2290,105.34,1544.2,0.35,0.068,84.22,205.3,0
2300,104.63,1488.9,0.266,0.386,84.25,200.1,0
2310,105.11,1472.6,0.34,0.217,84.28,197.5,0
2320,105.02,1498.2,0.201,0.098,84.39,205.9,0
2330,104.67,1551.6,0.345,0.315,84.52,205.4,0
2340,106.07,1483.9,0.239,0.379,84.49,204.1,0
2350,105.32,1532.8,0.337,0.288,84.32,204.7,0
2360,103.99,1533.6,0.301,0.254,84.73,214.3,0
2370,105.09,1488.9,0.252,0.284,84.29,204.2,0
2380,104.67,1511.4,0.28,0.263,84.33,206.5,0
2390,105.43,1532.6,0.334,0.165,84.94,203.1,0
2400,104.6,1492.4,0.305,0.229,84.94,205.9,0
2410,104.94,1495.9,0.329,0.352,84.88,204.3,0
2420,105.25,1488.4,0.399,0.332,84.67,203.8,0
2430,105.43,1479.7,0.222,0.317,84.86,210.5,0
2440,104.4,1487.0,0.381,0.2,85.0,208.5,0
2450,104.83,1475.5,0.305,0.282,84.79,205.4,0
2460,104.76,1500.7,0.255,0.082,85.02,198.1,0
2470,104.67,1484.6,0.233,0.318,85.35,203.9,0
2480,105.88,1504.7,0.291,0.443,85.56,213.1,0
2490,105.2,1468.9,0.346,0.153,85.24,204.3,0
2500,104.37,1506.6,0.294,0.241,85.53,208.3,0
2510,105.46,1516.7,0.376,0.333,85.05,209.3,0
2520,106.06,1460.1,0.227,0.425,85.62,205.7,0
2530,105.52,1507.5,0.299,0.255,85.38,202.5,0
2540,104.24,1524.6,0.237,0.231,85.65,197.7,0
2550,104.76,1475.8,0.318,0.103,85.6,207.1,0
2560,105.63,1533.5,0.344,0.31,85.96,202.6,0
2570,104.65,1508.4,0.279,0.504,85.58,205.5,0
2580,105.22,1485.9,0.17,0.328,85.93,201.3,0
2590,105.39,1498.9,0.31,0.298,85.8,204.2,0
2600,104.54,1511.2,0.322,0.332,85.88,205.1,0
2610,104.97,1501.5,0.32,0.299,85.93,205.8,0
2620,103.38,1510.8,0.362,0.219,85.85,201.7,0
2630,104.49,1481.6,0.246,0.382,86.07,208.6,0
2640,104.87,1503.4,0.334,0.323,86.11,203.2,0
2650,104.38,1471.7,0.36,0.302,86.23,200.0,0
2660,105.82,1497.8,0.211,0.202,86.25,204.7,0
2670,104.28,1481.9,0.316,0.43,86.45,205.1,0
2680,104.78,1485.3,0.275,0.366,86.53,205.5,0
2690,105.07,1524.7,0.296,0.245,86.18,209.1,0
2700,105.72,1521.8,0.317,0.4,86.62,204.3,0
2710,104.28,1512.2,0.276,0.25,86.26,204.6,0
2720,105.58,1478.2,0.266,0.222,86.67,201.7,0
2730,105.01,1493.7,0.302,0.224,86.73,207.5,0
2740,104.51,1524.3,0.246,0.123,86.28,205.6,0
2750,105.23,1502.8,0.246,0.347,86.73,203.7,0
2760,105.1,1546.4,0.334,0.117,86.68,199.3,0
2770,104.7,1507.9,0.243,0.177,86.67,209.3,0
2780,105.03,1503.8,0.333,0.092,87.15,201.3,0
2790,104.81,1493.8,0.323,0.291,86.8,203.2,0
2800,105.06,1502.7,0.214,0.285,86.82,206.1,0
2810,105.33,1497.0,0.266,0.267,87.05,201.4,0
2820,105.79,1514.2,0.36,0.196,87.23,200.5,0
2830,104.38,1519.1,0.251,0.183,87.12,198.6,0
2840,106.07,1484.3,0.277,0.346,87.43,207.2,0
2850,104.02,1473.4,0.323,0.245,87.36,203.4,0
2860,104.92,1463.3,0.339,0.332,86.87,213.8,0
2870,105.29,1510.2,0.287,0.211,87.25,202.0,0
2880,105.14,1477.9,0.27,0.318,87.3,202.2,0
2890,104.69,1456.9,0.371,0.43,87.56,203.3,0
2900,104.9,1507.8,0.387,0.359,86.99,205.7,0
2910,104.75,1549.9,0.349,0.259,88.08,203.6,0
2920,104.71,1499.9,0.304,0.326,87.73,206.8,0
2930,105.42,1516.8,0.26,0.276,87.71,202.1,0
2940,105.18,1501.6,0.258,0.301,87.97,200.9,0
2950,104.65,1498.0,0.326,0.267,88.25,199.6,0
2960,105.45,1518.4,0.321,0.284,88.01,198.3,0
2970,105.15,1494.2,0.37,0.321,88.08,203.4,0
2980,105.41,1505.3,0.333,0.201,87.97,204.1,0
2990,105.31,1506.4,0.225,0.198,87.97,203.1,0
3000,104.59,1486.6,0.353,0.161,87.86,208.7,0
3010,104.72,1519.8,0.25,0.14,87.75,208.7,0
3020,105.37,1496.5,0.281,0.178,87.79,204.0,0
3030,105.31,1484.9,0.313,0.316,87.59,199.6,0
3040,104.99,1510.7,0.4,0.211,87.98,203.3,0
3050,105.06,1482.0,0.455,0.351,87.49,203.2,0
3060,105.64,1500.6,0.33,0.303,88.06,203.0,0
3070,104.7,1499.8,0.291,0.103,87.99,202.9,0
3080,105.27,1521.7,0.327,0.365,88.04,203.0,0
3090,104.9,1509.5,0.344,0.381,87.84,203.8,0
3100,104.89,1499.5,9.8,6.2,88.92,203.1,0
3110,105.55,1516.4,10.2,7.1,88.41,205.6,0
3120,105.41,1527.8,9.5,5.8,87.63,206.1,0
3130,105.41,1511.2,0.325,0.31,88.07,202.3,0
3140,105.65,1500.2,0.333,0.174,87.82,208.8,0
3150,105.01,1473.8,0.321,0.121,87.7,202.1,0
3160,105.34,1478.7,0.342,0.262,87.6,200.1,0
3170,104.84,1493.9,0.269,0.288,88.13,206.1,0
3180,105.16,1487.8,0.272,0.26,87.8,202.5,0
3190,104.93,1496.3,0.245,0.182,88.29,206.0,0
3200,105.05,1501.1,0.322,0.26,88.3,197.8,0
3210,105.3,1510.6,0.339,0.327,88.41,209.2,0
3220,104.59,1498.6,0.323,0.296,87.74,207.0,0
3230,106.05,1509.7,0.384,0.318,88.14,200.5,0
3240,104.5,1501.3,0.3,0.233,88.19,200.6,0
3250,104.39,1460.5,0.333,0.417,87.86,210.0,0
3260,105.58,1481.2,0.245,0.182,87.77,202.8,0
3270,105.4,1497.1,0.281,0.349,88.48,202.5,0
3280,105.31,1475.8,0.335,0.418,88.07,198.2,0
3290,105.31,1512.0,0.342,0.348,88.19,203.9,0
3300,104.99,1530.6,0.285,0.28,87.75,204.3,0
3310,104.55,1524.4,0.296,0.247,87.63,207.1,0
3320,105.04,1495.7,0.224,0.404,87.83,200.8,0
3330,104.66,1529.8,0.282,0.158,87.96,200.4,0
3340,105.49,1503.0,0.345,0.203,87.68,206.4,0
3350,104.93,1493.3,0.329,0.26,88.0,208.0,0
3360,104.59,1487.7,0.325,0.424,87.49,200.3,0
3370,104.84,1494.0,0.302,0.338,87.66,208.2,0
3380,105.21,1492.2,0.3,0.203,88.2,205.1,0
3390,104.72,1503.4,0.267,0.269,88.18,208.3,0
3400,104.59,1503.2,0.335,0.239,87.88,204.8,0
3410,105.12,1500.1,0.321,0.229,87.69,197.4,0
3420,105.12,1508.7,0.325,0.398,87.69,204.5,0
3430,104.75,1523.8,0.274,0.163,87.89,208.2,0
3440,104.76,1519.0,0.192,0.461,88.19,202.3,0
3450,105.12,1470.3,0.355,0.383,88.28,203.8,0
3460,104.28,1448.9,0.276,0.409,87.85,204.5,0
3470,104.3,1518.7,0.257,0.254,87.65,196.3,0
3480,104.64,1472.7,0.335,0.285,88.08,210.0,0
3490,104.89,1495.5,0.28,0.157,87.75,202.3,0
3500,105.16,1476.6,0.353,0.248,87.84,206.5,0
3510,105.74,1464.0,0.331,0.349,88.4,204.7,0
3520,105.43,1510.8,0.334,0.43,88.25,208.8,0
3530,104.92,1515.2,0.232,0.189,88.05,206.2,0
3540,104.99,1488.5,0.361,0.263,87.62,204.3,0
3550,104.5,1448.2,0.313,0.285,88.06,202.3,0
3560,104.99,1489.1,0.282,0.16,88.32,207.4,0
3570,104.86,1507.8,0.307,0.359,87.89,199.4,0
3580,105.16,1470.4,0.211,0.228,88.41,206.9,0
3590,104.59,1503.7,0.32,0.28,88.39,201.7,0
3600,105.26,1499.7,0.249,0.255,88.5,208.8,0
3610,105.77,1511.6,0.232,0.221,88.09,205.5,0
3620,104.95,1502.4,0.224,0.299,88.18,206.9,0
3630,105.2,1480.5,0.356,0.278,88.42,205.2,0
3640,105.35,1523.9,0.269,0.263,88.13,199.7,0
3650,104.8,1496.8,0.377,0.227,87.85,202.4,0
3660,105.11,1499.5,0.273,0.332,87.87,207.0,0
3670,105.01,1481.3,0.215,0.465,88.07,205.5,0
3680,105.05,1491.1,0.244,0.314,87.61,208.5,0
3690,104.61,1482.3,0.362,0.4,87.96,206.2,0
3700,105.01,1496.5,0.292,0.161,88.33,202.1,0
3710,105.25,1534.2,0.273,0.316,87.34,202.6,0
3720,105.73,1472.6,0.308,0.19,88.46,205.3,0
3730,105.48,1467.7,0.325,0.152,88.34,198.1,0
3740,106.08,1529.4,0.356,0.226,87.86,210.0,0
3750,104.62,1495.8,0.372,0.419,88.16,206.3,0
3760,105.44,1486.6,0.282,0.395,88.0,208.7,0
3770,105.09,1520.8,0.234,0.324,88.37,200.3,0
3780,106.09,1487.9,0.279,0.147,88.29,208.7,0
3790,104.6,1536.5,0.313,0.28,87.58,211.7,0
3800,104.58,1513.6,0.252,0.33,88.18,201.0,0
3810,104.7,1490.2,0.252,0.318,87.94,207.3,0
3820,103.94,1543.1,0.317,0.116,88.02,205.0,0
3830,104.74,1487.9,0.298,0.211,87.78,200.4,0
3840,104.62,1514.8,0.302,0.294,88.52,206.5,0
3850,105.08,1506.0,0.262,0.354,88.31,207.5,0
3860,105.17,1526.0,0.288,0.08,87.78,203.2,0
3870,105.94,1531.2,0.254,0.284,87.6,208.5,0
3880,105.48,1500.6,0.345,0.314,87.88,200.0,0
3890,104.71,1484.9,0.352,0.385,88.13,200.5,0
3900,104.55,1509.2,0.208,0.369,88.07,205.4,0
3910,105.25,1486.4,0.254,0.358,88.38,205.1,0
3920,104.34,1540.3,0.225,0.22,88.24,202.9,0
3930,105.92,1502.7,0.267,0.109,88.29,207.4,0
3940,105.59,1492.7,0.296,0.261,88.1,206.6,0
3950,104.77,1503.7,0.228,0.4,87.58,207.6,0
3960,104.14,1473.1,0.254,0.439,87.94,204.6,0
3970,105.68,1480.6,0.25,0.371,88.32,206.8,0
3980,104.94,1524.0,0.31,0.343,87.98,203.7,0
3990,105.62,1486.9,0.303,0.338,88.15,211.2,0
4000,104.2,1479.1,0.264,0.244,87.9,202.6,0
4010,104.7,1510.7,0.309,0.287,87.69,211.3,0
4020,105.0,1523.7,0.273,0.467,87.96,205.1,0
4030,105.02,1514.4,0.286,0.206,88.09,200.9,0
4040,104.77,1519.9,0.384,0.461,87.8,209.1,0
4050,105.31,1484.9,0.367,0.268,87.93,205.4,0
4060,104.47,1471.6,0.235,0.433,87.72,207.6,0
4070,104.93,1530.0,0.341,0.159,88.34,208.7,0
4080,105.06,1493.5,0.341,0.359,87.91,206.0,0
4090,105.26,1495.0,0.243,0.226,88.44,203.2,0
4100,105.36,1526.6,0.341,0.158,88.46,207.9,0
4110,104.44,1511.1,0.377,0.322,87.98,205.0,0
4120,104.23,1509.1,0.244,0.401,87.7,207.1,0
4130,105.64,1543.3,0.254,0.216,87.37,198.5,0
4140,105.17,1487.1,0.351,0.15,87.56,206.3,0
4150,104.63,1518.6,0.314,0.291,87.59,203.1,0
4160,105.78,1501.1,0.328,0.291,88.41,210.0,0
4170,105.06,1505.4,0.317,0.355,88.03,206.9,0
4180,105.59,1530.6,0.32,0.395,88.12,205.7,0
4190,105.03,1510.2,0.234,0.294,87.33,206.5,0
4200,106.03,1510.8,0.352,0.486,87.64,202.0,0
4210,105.88,1521.5,0.358,0.322,88.27,209.9,0
4220,104.88,1492.7,0.289,0.265,88.09,211.0,0
4230,105.49,1483.2,0.298,0.139,87.96,206.2,0
4240,105.32,1479.1,0.223,0.274,88.17,209.8,0
4250,105.68,1460.7,0.326,0.266,88.49,203.3,0
4260,104.52,1541.1,0.329,0.396,87.93,202.6,0
4270,105.34,1477.9,0.297,0.346,88.02,205.1,0
4280,105.53,1495.6,0.356,0.182,88.06,206.3,0
4290,104.12,1494.5,0.283,0.317,88.72,203.8,0
4300,104.41,1506.1,0.328,0.367,87.37,206.6,0
4310,103.98,1516.3,0.249,0.453,88.2,205.9,0
4320,104.87,1517.2,0.299,0.389,87.97,202.0,0
4330,105.36,1488.3,0.291,0.376,88.17,206.6,0
4340,105.75,1496.7,0.311,0.306,87.8,207.6,0
4350,105.04,1505.7,0.282,0.339,87.99,205.5,0
4360,105.81,1495.0,0.293,0.425,88.21,208.5,0
4370,104.31,1532.1,0.341,0.167,88.93,201.3,0
4380,104.15,1509.8,0.278,0.265,88.24,206.4,0
4390,104.97,1514.7,0.22,0.223,87.75,201.5,0
4400,105.19,1513.3,0.387,0.338,87.87,138.5,0
4410,104.98,1523.5,0.369,0.423,87.86,146.7,0
4420,103.97,1503.6,0.235,0.24,87.46,139.0,0
4430,104.96,1474.1,0.334,0.061,87.9,147.4,0
4440,104.35,1508.0,0.275,0.259,88.22,139.9,0
4450,105.33,1487.0,0.313,0.391,87.62,143.5,0
4460,105.18,1489.4,0.315,0.354,88.31,147.4,0
4470,104.53,1511.7,0.288,0.343,88.15,139.0,0
4480,104.74,1524.8,0.261,0.272,87.78,141.1,0
4490,104.47,1500.4,0.265,0.172,87.96,146.4,0
4500,104.97,1506.2,0.254,0.352,88.48,139.3,0
4510,105.48,1534.0,0.258,0.217,88.22,133.4,0
4520,104.51,1504.8,0.297,0.518,88.0,150.7,0
4530,105.25,1552.0,0.264,0.357,87.93,137.7,0
4540,104.73,1511.3,0.334,0.242,88.02,140.8,0
4550,104.6,1464.8,0.374,0.239,87.85,145.8,0
4560,104.95,1515.1,0.271,0.291,87.37,137.0,0
4570,104.48,1507.6,0.312,0.276,88.61,135.0,0
4580,104.72,1525.8,0.325,0.412,88.05,141.3,0
4590,104.4,1513.5,0.324,0.319,88.12,131.0,0
4600,105.98,1497.2,0.304,0.227,87.98,138.6,0
4610,105.02,1475.5,0.337,0.489,87.78,141.2,0
4620,104.65,1495.8,0.324,0.305,87.94,138.7,0
4630,105.11,1483.0,0.238,0.377,87.52,132.3,0
4640,104.94,1488.4,0.343,0.239,88.68,148.0,0
4650,104.89,1511.8,0.344,0.336,87.63,140.5,0
4660,105.31,1533.4,0.262,0.331,87.69,147.2,0
4670,105.38,1507.9,0.302,0.111,87.87,138.7,0
4680,104.73,1476.1,0.334,0.502,88.39,135.6,0
4690,104.71,1508.9,0.29,0.429,88.0,141.3,0
4700,104.86,1523.9,0.354,0.26,87.63,138.9,0
4710,103.85,1487.8,0.418,0.19,88.38,134.1,0
4720,104.24,1497.3,0.261,0.335,88.22,147.3,0
4730,105.68,1500.3,0.231,0.309,88.16,136.9,0
4740,105.82,1484.3,0.315,0.336,88.21,130.8,0
4750,104.88,1513.0,0.336,0.319,88.72,146.6,0
4760,105.29,1497.6,0.288,0.351,88.66,137.5,0
4770,105.16,1508.4,0.373,0.445,87.79,137.0,0
4780,106.54,1482.3,0.233,0.357,88.49,131.2,0
4790,105.56,1491.3,0.335,0.195,88.11,148.7,0
4800,104.94,1514.4,0.27,0.436,88.15,207.9,0
4810,104.52,1492.5,0.386,0.464,87.49,208.7,0
4820,104.2,1534.5,0.4,0.615,87.95,211.6,0
4830,105.1,1492.0,0.262,0.188,87.76,203.9,0
4840,104.62,1504.5,0.273,0.324,88.25,205.3,0
4850,104.29,1518.7,0.343,0.092,88.32,203.8,0
4860,104.68,1471.6,0.281,0.355,87.38,205.0,0
4870,104.46,1464.8,0.298,0.245,87.99,209.6,0
4880,105.84,1469.5,0.301,0.492,88.34,201.0,0
4890,105.44,1525.3,0.204,0.223,87.94,202.4,0
4900,105.0,1489.0,0.299,0.131,88.22,209.1,0
4910,105.74,1551.2,0.266,0.253,88.11,208.1,0
4920,105.04,1488.7,0.275,0.102,88.1,203.9,0
4930,104.57,1503.7,0.372,0.375,87.92,207.6,0
4940,105.76,1530.8,0.237,0.093,87.64,206.0,0
4950,105.27,1540.1,0.341,0.303,87.66,209.5,0
4960,104.48,1541.2,0.286,0.092,88.21,205.2,0
4970,104.9,1524.2,0.286,0.268,88.01,208.1,0
4980,104.56,1520.5,0.34,0.464,87.96,212.9,0
4990,104.31,1511.9,0.317,0.336,87.87,206.8,0
5000,105.46,1523.4,10.737,13.082,87.91,205.1,1
5010,105.5,1493.6,11.156,12.295,88.31,205.7,1
5020,103.39,1495.8,11.335,11.833,87.9,202.8,1
5030,103.92,1530.4,12.255,15.826,87.6,207.5,1
5040,102.86,1535.6,11.723,14.572,88.22,202.3,1
5050,102.48,1537.3,10.966,15.759,87.94,200.7,1
5060,101.98,1581.9,11.694,16.381,88.01,198.8,1
5070,101.39,1599.8,10.881,15.531,88.48,201.9,1
5080,101.39,1584.0,11.933,16.316,87.99,200.7,1
5090,100.49,1635.9,11.312,14.861,88.09,197.2,1
5100,100.59,1567.4,11.463,12.626,87.65,198.6,1
5110,99.97,1606.1,12.03,17.116,87.93,193.6,1
5120,99.43,1600.5,10.985,13.822,88.18,196.3,1
5130,98.64,1576.2,10.941,13.129,87.53,196.1,1
5140,98.35,1639.9,11.267,14.644,88.06,197.8,1
5150,98.56,1648.9,11.915,13.174,88.03,192.1,1
5160,97.98,1708.1,10.892,14.165,88.01,190.3,1
5170,96.78,1691.8,10.367,15.688,88.31,190.3,1
5180,96.87,1652.3,11.32,15.697,88.1,188.7,1
5190,96.74,1748.8,11.721,13.204,88.44,193.3,1
5200,95.07,1740.0,11.98,14.025,87.7,192.9,1
5210,95.73,1731.0,11.315,17.149,88.04,189.7,1
5220,94.67,1716.9,11.335,15.993,88.03,190.8,1
5230,94.83,1705.1,11.962,19.15,87.68,187.8,1
5240,93.71,1732.9,10.752,17.36,88.29,186.6,1
5250,92.73,1786.9,11.345,10.716,88.7,185.4,1
5260,92.37,1820.9,11.576,6.918,87.99,184.7,1
5270,92.75,1820.9,11.68,10.146,88.15,181.4,1
5280,92.4,1770.1,11.296,8.92,88.03,184.3,1
5290,91.37,1761.3,11.514,8.174,87.79,182.9,1
5300,91.68,1809.3,10.505,9.252,87.45,183.8,1
5310,90.08,1762.2,11.237,10.418,87.79,181.7,1
5320,90.42,1835.1,11.681,9.751,87.58,180.4,1
5330,89.39,1831.2,11.107,7.682,88.51,178.3,1
5340,89.22,1831.8,11.524,10.114,87.97,179.4,1
5350,89.11,1808.1,11.679,8.044,87.9,180.0,1
5360,88.21,1881.5,11.363,9.325,88.27,175.4,1
5370,87.99,1860.3,11.568,8.545,87.66,177.1,1
5380,88.23,1851.3,11.115,8.672,87.77,176.7,1
5390,86.98,1810.4,11.417,10.149,88.02,174.0,1
5400,87.24,1906.0,11.744,7.44,88.31,173.5,1
5410,85.8,1970.1,11.563,11.918,88.15,174.4,1
5420,86.17,1977.0,11.265,6.268,88.07,170.9,1
5430,86.18,1923.6,11.59,8.103,88.02,173.1,1
5440,83.76,1929.4,11.786,9.555,88.12,169.9,1
5450,84.15,1971.7,10.68,9.876,88.06,173.0,1
5460,84.38,1937.8,11.964,8.849,87.69,174.8,1
5470,83.53,1987.0,11.365,8.914,88.01,167.7,1
5480,83.37,2011.1,11.67,9.616,87.68,169.7,1
5490,82.43,2035.1,11.979,8.653,88.02,166.4,1
5500,82.32,2005.5,10.951,11.09,87.86,169.2,1
5510,81.74,2012.5,11.216,10.259,88.76,163.8,1
5520,81.95,2002.5,11.385,10.309,87.99,166.6,1
5530,81.04,2014.2,11.186,7.551,87.58,163.1,1
5540,80.62,2042.4,12.194,8.881,87.96,163.7,1
5550,79.79,2070.3,11.157,8.549,88.16,161.3,1
5560,79.3,2096.9,11.278,7.492,88.5,164.2,1
5570,78.87,2055.6,11.582,9.54,87.82,160.1,1
5580,78.83,2134.6,11.019,8.194,87.53,162.2,1
5590,77.97,2091.9,11.342,9.983,88.25,159.6,1
5600,77.87,2099.6,5.095,0.375,87.59,159.3,1
5610,78.31,2062.0,4.9,0.328,87.87,159.1,1
5620,77.25,2005.4,4.972,0.205,87.92,156.5,1
5630,76.2,2048.5,4.841,0.332,87.98,157.7,1
5640,76.51,2022.4,4.546,0.201,88.21,159.6,1
5650,75.25,1979.0,5.096,0.237,87.79,154.2,1
5660,73.98,1962.9,5.526,0.319,87.92,157.3,1
5670,74.04,1948.8,5.006,0.33,88.0,157.2,1
5680,73.16,1884.1,5.068,0.181,88.04,151.9,1
5690,73.46,1881.7,5.208,0.405,88.03,149.8,1
5700,73.19,1885.1,4.619,0.357,88.13,152.6,1
5710,73.57,1821.1,5.511,0.23,88.25,150.1,1
5720,72.44,1828.9,5.061,0.146,88.12,154.2,1
5730,71.71,1772.9,5.49,0.286,88.14,149.8,1
5740,71.78,1786.3,4.78,0.255,87.53,147.3,1
5750,69.8,1753.1,5.545,0.311,88.02,145.9,1
5760,70.57,1698.5,5.233,0.264,88.14,149.6,1
5770,70.39,1731.0,5.166,0.099,88.22,145.5,1
5780,68.81,1669.9,5.07,0.261,87.79,146.0,1
5790,69.66,1645.3,4.925,0.269,87.8,147.1,1
5800,68.81,1642.5,5.36,0.363,87.83,143.4,0
5810,67.97,1638.4,5.042,0.23,88.16,143.5,0
5820,68.04,1572.0,4.41,0.468,88.31,142.8,0
5830,68.41,1570.5,4.665,0.109,87.88,143.5,0
5840,66.91,1554.7,4.944,0.431,88.27,142.5,0
5850,66.49,1536.9,5.093,0.278,88.04,140.2,0
5860,65.68,1503.5,4.983,0.386,87.96,140.0,0
5870,65.03,1469.6,5.366,0.308,87.94,138.3,0
5880,65.42,1437.3,4.415,0.414,88.22,135.4,0
5890,64.12,1432.5,5.043,0.261,88.1,138.1,0
5900,64.13,1386.2,4.455,0.19,88.68,140.6,0
5910,63.4,1326.2,5.228,0.442,87.74,134.3,0
5920,63.42,1370.3,4.972,0.289,88.16,133.8,0
5930,62.89,1356.5,5.126,0.322,87.84,132.8,0
5940,62.79,1268.1,4.741,0.423,87.74,135.2,0
5950,61.56,1272.1,5.384,0.197,88.0,133.9,0
5960,61.23,1281.6,5.313,0.36,88.04,132.0,0
5970,60.42,1287.3,5.175,0.241,88.88,129.7,0
5980,60.23,1223.5,4.961,0.287,87.94,130.9,0
5990,60.19,1185.4,5.174,0.307,87.66,126.9,0
6000,60.3,1197.3,0.265,0.15,88.08,150.3,0
6010,59.63,1220.6,0.343,0.222,87.38,151.7,0
6020,60.35,1190.3,0.382,0.435,87.97,147.5,0
6030,60.54,1188.0,0.354,0.389,88.0,146.9,0
6040,60.17,1192.8,0.264,0.294,88.24,153.2,0
6050,60.75,1185.7,0.318,0.324,88.29,148.8,0
6060,59.69,1201.8,0.235,0.271,87.85,152.3,0
6070,59.5,1224.4,0.329,0.436,87.95,149.7,0
6080,59.29,1204.8,0.323,0.28,87.77,149.7,0
6090,60.6,1196.2,0.207,0.323,87.66,150.9,0
6100,60.26,1195.6,0.242,0.415,88.09,148.2,0
6110,59.98,1176.6,0.286,0.222,87.62,150.3,0
6120,60.11,1213.2,0.285,0.456,87.88,149.2,0
6130,59.55,1198.8,0.24,0.147,87.7,147.4,0
6140,60.98,1197.3,0.319,0.463,88.16,150.7,0
6150,60.05,1247.9,0.313,0.263,88.54,149.5,0
6160,60.04,1204.5,0.29,0.276,87.61,149.7,0
6170,60.29,1188.7,0.262,0.111,87.44,147.6,0
6180,60.19,1193.6,0.352,0.255,87.96,153.2,0
6190,60.09,1217.2,0.383,0.196,88.0,151.8,0
6200,59.68,1201.7,0.276,0.239,88.07,151.9,0
6210,60.19,1178.4,0.269,0.286,87.87,149.4,0
6220,60.75,1213.8,0.325,0.396,87.94,146.5,0
6230,60.54,1190.0,0.282,0.321,88.11,153.9,0
6240,60.64,1228.1,0.293,0.331,88.31,149.9,0
6250,59.8,1216.2,0.337,0.19,87.41,148.5,0
6260,59.6,1193.3,0.205,0.212,87.89,150.8,0
6270,59.95,1219.2,0.366,0.48,88.06,152.3,0
6280,60.02,1201.0,0.304,0.226,87.72,150.0,0
6290,60.44,1212.8,0.279,0.466,88.52,152.6,0
6300,59.32,1207.3,0.296,0.276,87.81,152.2,0
6310,60.61,1187.3,0.298,0.3,87.99,147.8,0
6320,59.94,1190.3,0.213,0.407,88.17,148.7,0
6330,59.83,1215.4,0.375,0.427,87.82,151.9,0
6340,59.6,1195.0,0.302,0.289,87.45,144.6,0
6350,59.34,1193.9,0.322,0.261,87.87,149.7,0
6360,60.33,1185.7,0.348,0.294,88.31,147.1,0
6370,60.03,1206.4,0.249,0.334,87.9,149.0,0
6380,59.48,1230.9,0.324,0.389,87.75,149.4,0
6390,59.48,1184.0,0.287,0.3,88.28,149.3,0
6400,59.87,1200.4,0.342,0.362,87.9,148.9,0
6410,60.67,1221.2,0.194,0.464,87.85,147.8,0
6420,59.9,1198.8,0.295,0.338,88.04,154.6,0
6430,59.4,1206.8,0.27,0.331,88.23,153.7,0
6440,59.9,1184.1,0.322,0.148,88.71,147.7,0
6450,59.89,1206.4,0.324,0.037,88.25,153.2,0
6460,58.92,1197.2,0.265,0.339,88.35,149.2,0
6470,59.98,1214.8,0.264,0.291,87.85,150.3,0
6480,59.91,1217.8,0.294,0.249,87.69,149.9,0
6490,60.28,1238.8,0.255,0.324,88.02,148.7,0
6500,60.74,1208.7,0.342,0.294,88.03,152.0,0
6510,60.45,1204.9,0.282,0.413,87.68,150.3,0
6520,59.89,1202.9,0.155,0.309,87.95,149.0,0
6530,59.56,1194.7,0.281,0.225,88.12,147.4,0
6540,61.03,1205.1,0.248,0.399,88.11,148.2,0
6550,60.02,1195.6,0.218,0.278,88.15,146.7,0
6560,60.01,1202.5,0.238,0.353,88.09,150.0,0
6570,59.99,1219.8,0.305,0.252,87.85,147.6,0
6580,60.08,1184.9,0.366,0.235,87.85,149.5,0
6590,59.94,1217.1,0.316,0.308,87.64,152.7,0
6600,59.77,1219.8,0.27,0.301,88.54,152.4,0
6610,59.78,1198.2,0.323,0.348,88.0,149.9,0
6620,59.99,1168.2,0.277,0.273,87.93,149.8,0
6630,59.78,1190.9,0.265,0.116,87.72,153.8,0
6640,59.71,1219.5,0.242,0.257,88.88,151.0,0
6650,60.04,1199.7,0.212,0.379,87.68,149.3,0
6660,59.9,1185.0,0.281,0.27,87.87,147.1,0
6670,60.6,1192.4,0.308,0.275,88.12,150.8,0
6680,58.94,1212.6,0.295,0.399,88.18,151.7,0
6690,60.44,1208.2,0.279,0.229,88.29,148.7,0
6700,60.5,1196.4,0.253,0.146,88.54,150.6,0
6710,59.17,1194.5,0.33,0.284,88.15,149.3,0
6720,59.86,1194.1,0.234,0.252,87.68,149.6,0
6730,59.85,1186.2,0.339,0.203,87.92,145.0,0
6740,59.44,1224.2,0.25,0.282,88.09,149.6,0
6750,59.69,1195.2,0.262,0.349,88.62,151.9,0
6760,59.56,1218.3,0.227,0.299,87.58,148.7,0
6770,60.7,1222.8,0.275,0.331,88.36,150.1,0
6780,60.37,1215.0,0.349,0.481,88.05,148.5,0
6790,60.51,1193.5,0.326,0.266,88.25,150.7,0
6800,60.29,1206.1,0.349,0.328,87.97,149.6,0
6810,59.55,1199.6,0.326,0.249,87.75,148.1,0
6820,59.79,1186.4,0.245,0.215,88.23,152.7,0
6830,60.2,1204.9,0.283,0.242,88.2,151.9,0
6840,59.51,1182.3,0.261,0.252,88.29,148.8,0
6850,60.29,1217.8,0.367,0.336,88.0,151.0,0
6860,59.9,1193.0,0.24,0.535,87.82,151.1,0
6870,59.85,1203.0,0.345,0.228,87.53,151.3,0
6880,60.28,1204.2,0.345,0.258,88.25,146.6,0
6890,60.18,1196.1,0.391,0.294,88.13,152.0,0
6900,59.86,1208.8,0.28,0.34,87.71,148.9,0
6910,60.46,1192.9,0.336,0.326,87.84,149.3,0
6920,59.57,1213.1,0.414,0.428,87.86,155.3,0
6930,60.25,1179.8,0.269,0.057,87.56,150.6,0
6940,60.24,1201.9,0.223,0.061,87.75,149.2,0
6950,59.88,1229.1,0.206,0.25,87.66,145.6,0
6960,60.13,1185.0,0.336,0.41,87.88,152.8,0
6970,59.5,1189.8,0.206,0.143,87.78,147.3,0
6980,60.37,1207.7,0.281,0.0,87.51,148.0,0
6990,59.93,1202.7,0.322,0.357,88.61,149.3,0
7000,59.84,1207.0,0.309,0.324,88.25,152.8,0
7010,60.47,1210.8,0.321,0.191,87.9,151.7,0
7020,60.09,1214.7,0.311,0.201,88.18,150.1,0
7030,60.03,1225.2,0.364,0.203,88.26,151.2,0
7040,60.14,1212.2,0.252,0.311,88.48,149.6,0
7050,60.93,1200.2,0.266,0.237,88.14,151.3,0
7060,60.52,1219.5,0.261,0.349,88.58,151.4,0
7070,61.58,1245.0,0.342,0.015,88.31,153.3,0
7080,60.58,1205.4,0.345,0.214,88.22,153.5,0
7090,61.86,1189.5,0.323,0.187,88.69,152.8,0
7100,61.57,1232.2,0.359,0.274,88.86,151.3,0
7110,61.63,1208.6,0.241,0.246,89.18,153.7,0
7120,61.64,1168.6,0.383,0.38,88.48,152.2,0
7130,62.08,1230.0,0.376,0.114,88.93,150.4,0
7140,62.1,1203.3,0.337,0.305,88.76,152.0,0
7150,62.59,1213.2,0.389,0.356,89.06,153.2,0
7160,62.44,1222.7,0.217,0.486,88.67,155.0,0
7170,62.6,1220.9,0.274,0.252,88.77,153.0,0
7180,62.6,1232.2,0.263,0.332,88.93,151.2,0
7190,62.84,1210.4,0.336,0.12,89.16,153.9,0
7200,63.1,1230.3,0.247,0.061,89.08,154.2,0
7210,62.65,1215.9,0.338,0.384,89.4,154.6,0
7220,62.91,1236.8,0.369,0.299,89.53,156.3,0
7230,63.68,1235.4,0.335,0.418,89.51,156.7,0
7240,63.66,1205.4,0.314,0.163,89.77,153.6,0
7250,63.71,1246.8,0.251,0.352,89.59,153.8,0
7260,63.92,1215.4,0.258,0.487,89.33,153.1,0
7270,64.17,1243.3,0.362,0.342,89.9,156.8,0
7280,64.05,1235.4,0.339,0.328,89.57,158.5,0
7290,64.13,1265.9,0.298,0.301,89.93,155.2,0
7300,64.57,1225.6,0.279,0.143,90.13,155.5,0
7310,64.37,1224.1,0.199,0.436,89.96,159.2,0
7320,64.94,1231.7,0.246,0.239,89.63,157.4,0
7330,64.46,1227.0,0.396,0.35,89.81,157.5,0
7340,65.43,1250.1,0.236,0.144,90.32,154.4,0
7350,65.41,1202.8,0.309,0.182,90.08,158.4,0
7360,65.49,1215.0,0.35,0.444,90.19,155.4,0
7370,65.86,1215.8,0.237,0.265,90.39,155.2,0
7380,66.22,1257.1,0.309,0.445,90.43,156.9,0
7390,66.17,1273.3,0.347,0.292,90.41,156.7,0
7400,65.47,1238.0,0.301,0.116,90.37,157.6,0
7410,65.79,1237.8,0.443,0.389,90.41,155.3,0
7420,66.13,1243.5,0.217,0.241,90.71,160.3,0
7430,66.48,1266.4,0.353,0.37,90.71,160.9,0
7440,66.78,1225.6,0.291,0.303,90.61,154.9,0
7450,66.55,1249.9,0.339,0.146,90.93,161.0,0
7460,66.98,1265.7,0.322,0.316,90.75,157.6,0
7470,66.85,1257.2,0.263,0.52,90.67,161.1,0
7480,67.04,1252.0,0.311,0.349,90.75,159.5,0
7490,66.95,1269.2,0.207,0.294,90.76,159.9,0
7500,67.25,1196.1,0.33,0.408,90.97,159.7,0
7510,67.27,1264.7,0.315,0.321,91.33,162.7,0
7520,67.53,1239.1,0.332,0.321,90.98,158.0,0
7530,68.29,1216.6,0.353,0.191,91.24,161.9,0
7540,67.84,1264.4,0.318,0.323,91.13,163.0,0
7550,69.07,1282.7,0.307,0.404,91.27,162.5,0
7560,68.58,1253.4,0.256,0.216,91.08,165.9,0
7570,68.63,1276.2,0.264,0.442,91.4,160.4,0
7580,68.47,1290.4,0.359,0.291,91.46,163.6,0
7590,69.09,1285.5,0.372,0.211,91.67,161.6,0
7600,68.86,1293.0,0.288,0.4,91.67,164.5,0
7610,69.22,1276.0,0.302,0.271,91.44,162.2,0
7620,70.1,1263.7,0.255,0.376,91.96,161.7,0
7630,69.45,1231.2,0.359,0.271,91.85,165.3,0
7640,69.98,1259.3,0.333,0.294,91.91,161.9,0
7650,69.57,1248.4,0.397,0.349,91.92,160.2,0
7660,69.92,1309.6,0.256,0.329,91.88,162.2,0
7670,70.61,1263.7,0.281,0.1,92.09,164.7,0
7680,70.05,1270.7,0.312,0.188,92.2,166.4,0
7690,70.93,1280.3,0.332,0.393,91.82,164.1,0
7700,70.75,1271.1,0.289,0.287,92.12,166.7,0
7710,70.52,1305.1,0.256,0.248,92.24,161.5,0
7720,71.03,1259.8,0.344,0.164,92.4,163.6,0
7730,71.28,1277.1,0.336,0.192,92.65,164.1,0
7740,71.32,1259.4,0.254,0.098,92.32,164.6,0
7750,70.82,1248.9,0.368,0.29,92.43,165.2,0
7760,71.22,1264.0,0.359,0.24,92.49,166.6,0
7770,71.51,1276.5,0.307,0.203,92.49,164.6,0
7780,71.72,1269.7,0.304,0.293,92.64,165.9,0
7790,72.08,1265.4,0.328,0.336,92.93,165.8,0
7800,72.09,1252.1,0.257,0.509,92.62,164.2,0
7810,71.79,1279.6,0.302,0.149,92.98,166.0,0
7820,72.46,1252.2,0.192,0.416,92.61,166.2,0
7830,72.67,1298.5,0.344,0.397,92.9,166.3,0
7840,72.81,1285.9,0.222,0.222,93.01,166.9,0
7850,73.12,1256.1,0.375,0.32,93.47,167.2,0
7860,73.19,1280.1,0.283,0.254,93.14,166.4,0
7870,73.23,1272.2,0.289,0.319,92.81,170.0,0
7880,73.22,1294.7,0.269,0.451,92.92,165.3,0
7890,72.9,1316.1,0.286,0.361,93.38,166.4,0
7900,73.67,1252.8,0.371,0.351,93.56,173.6,0
7910,73.76,1293.6,0.176,0.257,93.57,166.2,0
7920,73.93,1289.1,0.364,0.152,93.59,165.8,0
7930,73.61,1306.7,0.317,0.279,93.85,170.1,0
7940,73.82,1298.6,0.24,0.421,93.57,164.7,0
7950,74.61,1280.3,0.246,0.147,93.92,168.6,0
7960,74.44,1289.9,0.384,0.194,93.47,173.6,0
7970,74.8,1281.4,0.253,0.313,93.68,166.4,0
7980,74.76,1319.8,0.242,0.202,93.56,165.7,0
7990,74.91,1299.8,0.357,0.221,93.92,166.9,0
8000,75.33,1338.4,0.317,0.258,94.03,171.9,0
8010,75.05,1300.1,0.253,0.163,94.12,172.5,0
8020,75.38,1288.2,0.311,0.203,94.17,169.4,0
8030,75.36,1273.1,0.249,0.37,94.04,172.0,0
8040,75.52,1268.3,0.355,0.169,94.24,173.7,0
8050,75.71,1273.7,0.353,0.14,94.04,174.6,0
8060,76.02,1311.7,0.327,0.237,94.68,170.8,0
8070,75.96,1317.5,0.318,0.373,94.4,166.9,0
8080,76.63,1276.7,0.388,0.28,94.43,170.0,0
8090,76.14,1327.3,0.3,0.254,94.9,171.0,0
8100,76.5,1300.7,0.241,0.304,94.4,171.6,0
8110,76.57,1314.3,0.322,0.125,94.48,171.9,0
8120,77.29,1344.6,0.404,0.349,94.55,174.7,0
8130,77.07,1331.3,0.249,0.338,94.81,175.2,0
8140,77.47,1309.0,0.282,0.259,94.97,172.5,0
8150,76.86,1297.6,0.321,0.401,95.09,175.3,0
8160,77.54,1273.4,0.297,0.187,95.52,174.0,0
8170,77.88,1303.0,0.251,0.413,94.62,173.6,0
8180,77.78,1314.2,0.356,0.315,95.25,175.5,0
8190,78.23,1299.7,0.416,0.266,95.08,174.0,0
8200,77.91,1317.8,11.1,5.9,95.13,178.2,0
8210,78.63,1322.9,10.8,6.4,95.18,171.4,0
8220,79.05,1317.9,0.223,0.422,95.19,173.5,0
8230,78.4,1310.4,0.313,0.192,95.77,174.4,0
8240,78.53,1327.8,0.355,0.224,95.66,175.8,0
8250,79.25,1334.3,0.324,0.404,95.55,177.6,0
8260,79.44,1304.6,0.3,0.24,95.88,175.2,0
8270,78.96,1355.6,0.271,0.39,95.37,172.6,0
8280,79.14,1326.5,0.245,0.47,95.47,177.4,0
8290,79.33,1329.8,0.342,0.26,95.36,177.4,0
8300,79.16,1344.6,0.346,0.368,95.71,172.2,0
8310,79.44,1336.1,0.223,0.185,95.95,176.3,0
8320,79.56,1351.5,0.379,0.375,95.99,173.3,0
8330,79.79,1339.2,0.329,0.32,96.06,175.4,0
8340,80.16,1322.2,0.37,0.347,95.81,175.1,0
8350,80.39,1342.7,0.233,0.235,96.31,178.7,0
8360,80.93,1313.6,0.232,0.134,96.26,177.5,0
8370,80.32,1339.6,0.293,0.35,96.42,174.9,0
8380,81.06,1337.8,0.325,0.094,95.96,179.5,0
8390,80.86,1335.3,0.39,0.268,96.46,175.0,0
8400,81.06,1337.9,0.335,0.394,96.22,178.8,0
8410,81.42,1303.8,0.288,0.319,96.44,176.7,0
8420,81.03,1331.5,0.249,0.495,96.68,177.8,0
8430,81.64,1345.3,0.362,0.403,96.66,179.7,0
8440,81.72,1347.7,0.252,0.235,96.53,179.9,0
8450,81.97,1324.9,0.381,0.303,96.76,181.8,0
8460,82.06,1371.8,0.286,0.295,96.51,179.1,0
8470,82.86,1330.2,0.38,0.142,97.11,180.1,0
8480,82.08,1367.9,0.334,0.206,96.9,178.8,0
8490,82.27,1358.0,0.293,0.244,97.22,180.3,0
8500,82.39,1337.6,0.274,0.096,98.29,181.0,0
8510,82.56,1387.0,0.283,0.305,98.29,180.1,0
8520,82.69,1328.6,0.321,0.275,98.19,176.9,0
8530,83.38,1371.9,0.304,0.133,98.85,181.4,0
8540,83.6,1374.5,0.27,0.34,98.22,181.6,0
8550,83.16,1342.1,0.292,0.372,98.76,179.7,0
8560,83.23,1384.4,0.304,0.323,98.35,178.7,0
8570,83.77,1352.5,0.194,0.268,97.71,184.5,0
8580,83.61,1364.3,0.323,0.359,98.27,182.7,0
8590,84.12,1364.7,0.251,0.368,98.03,181.4,0
8600,84.14,1357.8,0.242,0.331,98.51,179.8,0
8610,83.78,1377.8,0.216,0.218,98.02,180.7,0
8620,84.85,1378.4,0.21,0.328,98.87,185.1,0
8630,85.07,1328.6,0.232,0.42,98.46,183.0,0
8640,84.5,1390.6,0.265,0.24,98.43,181.8,0
8650,84.72,1332.3,0.398,0.51,98.76,184.1,0
8660,85.07,1387.2,0.274,0.247,98.89,181.7,0
8670,85.23,1390.1,0.309,0.303,98.49,186.5,0
8680,85.48,1346.7,0.32,0.233,98.19,186.4,0
8690,86.04,1361.3,0.307,0.322,97.79,183.0,0
8700,85.53,1348.5,0.296,0.126,98.23,182.9,0
8710,85.5,1367.3,0.24,0.245,98.25,179.1,0
8720,85.47,1366.4,0.373,0.191,98.54,181.6,0
8730,85.82,1389.2,0.39,0.314,98.36,182.0,0
8740,86.18,1400.8,0.216,0.399,98.78,185.2,0
8750,86.88,1403.5,0.249,0.365,98.25,184.5,0
8760,86.33,1365.3,0.286,0.063,98.48,182.6,0
8770,86.71,1373.4,0.252,0.504,98.97,185.0,0
8780,86.78,1344.9,0.325,0.33,98.64,186.7,0
8790,87.3,1363.5,0.264,0.222,98.48,187.0,0
8800,87.85,1399.9,0.408,0.316,98.26,182.3,0
8810,87.08,1413.9,0.36,0.318,98.25,186.1,0
8820,87.24,1357.9,0.311,0.233,98.16,183.8,0
8830,87.86,1371.8,0.351,0.32,98.28,188.5,0
8840,87.9,1384.1,0.355,0.239,98.8,188.5,0
8850,88.4,1391.2,0.272,0.26,98.41,185.3,0
8860,88.17,1370.4,0.259,0.231,97.96,185.8,0
8870,88.04,1396.1,0.304,0.157,99.21,186.6,0
8880,88.47,1379.2,0.343,0.315,98.63,183.2,0
8890,88.78,1389.3,0.307,0.359,97.94,188.6,0
8900,88.84,1401.6,0.221,0.351,98.32,187.6,0
8910,88.9,1391.8,0.26,0.382,98.54,190.3,0
8920,89.22,1383.9,0.296,0.332,99.18,186.3,0
8930,89.4,1391.5,0.296,0.247,98.06,187.5,0
8940,89.61,1392.9,0.399,0.384,98.89,185.9,0
8950,89.54,1388.3,0.231,0.164,99.06,187.1,0
8960,89.45,1391.5,0.325,0.21,98.25,187.0,0
8970,89.69,1429.6,0.374,0.204,98.39,191.5,0
8980,90.16,1409.9,0.414,0.408,98.09,188.3,0
8990,89.7,1393.8,0.28,0.394,98.42,190.2,0
9000,90.21,1414.6,0.325,0.349,98.49,189.4,0
9010,90.13,1395.0,0.328,0.407,98.76,187.8,0
9020,90.41,1426.1,0.31,0.212,98.94,190.2,0
9030,90.94,1411.1,0.295,0.335,98.2,191.9,0
9040,90.76,1402.5,0.322,0.287,97.71,188.5,0
9050,90.87,1414.6,0.173,0.385,98.49,192.8,0
9060,90.6,1375.3,0.334,0.288,98.62,189.6,0
9070,91.38,1385.2,0.306,0.262,98.6,190.6,0
9080,91.5,1384.8,0.289,0.354,98.37,192.8,0
9090,92.1,1412.6,0.402,0.388,98.55,190.6,0
9100,91.51,1445.4,0.266,0.233,99.11,192.2,0
9110,91.82,1456.3,0.28,0.294,98.65,191.7,0
9120,91.98,1425.5,0.4,0.194,98.35,192.8,0
9130,92.53,1423.7,0.258,0.05,98.3,188.0,0
9140,92.18,1378.7,0.272,0.32,98.43,189.3,0
9150,92.44,1404.9,0.293,0.361,99.15,194.4,0
9160,92.69,1401.0,0.342,0.326,98.43,195.4,0
9170,92.71,1405.3,0.31,0.105,98.49,191.7,0
9180,92.68,1415.4,0.235,0.265,98.31,193.3,0
9190,93.02,1410.3,0.273,0.078,98.94,194.5,0
9200,93.43,1381.1,0.27,0.437,99.28,195.5,0
9210,92.95,1436.7,0.296,0.191,98.68,190.3,0
9220,93.45,1401.3,0.321,0.426,98.53,192.8,0
9230,93.35,1428.5,0.321,0.395,98.51,194.1,0
9240,94.07,1466.2,0.211,0.21,97.55,196.4,0
9250,93.41,1407.4,0.353,0.187,98.8,200.1,0
9260,93.85,1376.2,0.313,0.335,98.55,194.9,0
9270,94.28,1422.0,0.369,0.216,98.67,192.7,0
9280,94.78,1450.8,0.322,0.31,98.22,196.6,0
9290,94.45,1468.9,0.355,0.252,98.35,198.6,0
9300,94.45,1406.2,0.323,0.122,98.34,196.4,0
9310,95.33,1441.7,0.367,0.077,98.91,194.5,0
9320,94.48,1423.5,0.326,0.323,98.35,198.5,0
9330,94.41,1431.7,0.295,0.244,99.33,198.1,0
9340,95.35,1487.7,0.414,0.245,98.67,194.9,0
9350,95.22,1405.7,0.344,0.37,97.99,197.9,0
9360,95.21,1441.9,0.329,0.417,98.45,199.4,0
9370,95.88,1447.1,0.236,0.273,98.24,199.9,0
9380,95.89,1460.5,0.236,0.266,97.62,197.6,0
9390,95.8,1441.8,0.315,0.35,99.14,197.2,0
9400,95.74,1447.0,0.307,0.164,98.78,200.6,0
9410,96.53,1434.0,0.269,0.322,98.71,195.9,0
9420,96.62,1448.2,0.307,0.355,98.57,199.4,0
9430,96.54,1436.9,0.379,0.368,97.95,196.0,0
9440,97.28,1457.2,0.335,0.106,98.31,201.1,0
9450,96.55,1438.4,0.243,0.224,98.84,198.6,0
9460,96.57,1454.4,0.294,0.212,98.08,201.9,0
9470,96.97,1447.2,0.26,0.31,97.49,200.5,0
9480,97.31,1471.4,0.281,0.348,98.41,197.3,0
9490,97.55,1448.8,0.279,0.45,98.44,202.8,0
9500,97.55,1415.4,0.276,0.251,98.55,203.3,0
9510,97.88,1477.1,0.237,0.25,98.79,202.1,0
9520,97.55,1434.7,0.294,0.415,98.76,199.0,0
9530,98.51,1440.8,0.272,0.33,98.6,200.2,0
9540,98.2,1442.9,0.154,0.427,98.98,201.3,0
9550,98.71,1483.3,0.403,0.329,97.89,199.8,0
9560,98.63,1414.1,0.354,0.184,98.7,204.8,0
9570,98.82,1520.6,0.281,0.167,98.75,201.9,0
9580,99.0,1480.0,0.301,0.145,98.0,196.4,0
9590,99.11,1464.3,0.241,0.366,97.9,202.7,0
9600,99.32,1459.8,0.385,0.419,98.2,201.5,0
9610,99.68,1467.6,0.395,0.485,98.24,202.2,0
9620,99.49,1473.3,0.308,0.384,98.8,201.8,0
9630,99.79,1476.8,0.351,0.416,98.25,204.4,0
9640,99.71,1476.0,0.309,0.242,98.16,205.2,0
9650,100.31,1467.7,0.233,0.184,98.26,203.7,0
9660,99.83,1462.9,0.279,0.385,98.95,202.7,0
9670,100.72,1464.9,0.307,0.342,98.51,203.5,0
9680,100.32,1465.0,0.277,0.311,98.43,203.8,0
9690,100.06,1492.6,0.289,0.339,98.46,202.4,0
9700,100.67,1482.8,0.295,0.332,99.02,205.3,0
9710,100.58,1413.1,0.296,0.428,98.2,205.3,0
9720,101.19,1486.0,0.303,0.429,99.03,207.7,0
9730,100.89,1477.8,0.247,0.354,98.58,207.3,0
9740,101.1,1474.5,0.264,0.385,98.44,203.6,0
9750,100.82,1468.1,0.236,0.351,99.5,206.8,0
9760,101.4,1499.4,0.349,0.254,98.08,203.5,0
9770,100.96,1496.9,0.195,0.376,98.36,207.0,0
9780,101.36,1463.5,0.358,0.161,98.01,204.8,0
9790,102.22,1488.1,0.369,0.405,98.88,203.9,0
9800,102.38,1461.5,0.285,0.181,99.18,206.7,0
9810,102.42,1454.3,0.17,0.329,99.17,201.0,0
9820,102.15,1470.4,0.282,0.215,98.99,203.1,0
9830,102.58,1501.2,0.297,0.355,98.42,206.4,0
9840,102.74,1504.0,0.249,0.297,98.35,207.2,0
9850,102.55,1496.2,0.274,0.141,97.83,206.5,0
9860,103.49,1501.5,0.377,0.342,99.31,204.2,0
9870,103.46,1498.3,0.333,0.242,98.69,206.0,0
9880,103.28,1476.1,0.254,0.388,98.3,208.6,0
9890,103.5,1498.6,0.22,0.3,99.03,209.2,0
9900,103.71,1507.0,0.284,0.34,98.11,208.2,0
9910,103.18,1507.1,0.289,0.204,98.66,210.7,0
9920,103.87,1516.8,0.325,0.241,98.43,209.4,0
9930,103.89,1508.1,0.273,0.254,98.76,207.3,0
9940,103.95,1502.0,0.326,0.386,98.47,208.4,0
9950,104.31,1517.4,0.397,0.468,97.92,206.4,0
9960,105.09,1496.5,0.341,0.219,98.53,209.2,0
9970,104.89,1480.4,0.298,0.408,98.92,211.8,0
9980,104.68,1495.7,0.291,0.083,98.49,211.2,0
9990,105.17,1485.1,0.282,0.181,98.81,212.8,0
